timestamp,hour,solar_forecast_kw,load_forecast_kw,tariff_rs_per_kwh,solar_to_load_kw,solar_to_battery_kw,battery_from_grid_kw,battery_charge_kw,battery_discharge_kw,battery_power_kw,battery_soc_kwh,grid_import_kw,solar_curtailed_kw,grid_cost_rs,battery_degradation_cost_rs,total_operating_cost_rs,battery_mode
2026-04-01 00:00:00,0,0.0,180.83,4.0,0.0,0.0,250.0,250.0,0.0,-250.0,637.5,430.83,0.0,1723.31,12.5,1735.81,CHARGING
2026-04-01 01:00:00,1,0.0,177.07,4.0,0.0,0.0,131.58,131.58,0.0,-131.58,762.5,308.64,0.0,1234.58,6.58,1241.16,CHARGING
2026-04-01 02:00:00,2,0.0,179.61,4.0,0.0,0.0,250.0,250.0,0.0,-250.0,1000.0,429.61,0.0,1718.43,12.5,1730.93,CHARGING
2026-04-01 03:00:00,3,0.0,183.51,4.0,0.0,0.0,0.0,0.0,0.0,0.0,1000.0,183.51,0.0,734.04,0.0,734.04,IDLE
2026-04-01 04:00:00,4,0.0,189.27,4.0,0.0,-0.0,0.0,-0.0,0.0,0.0,1000.0,189.27,0.0,757.08,0.0,757.08,IDLE
2026-04-01 05:00:00,5,0.0,206.99,4.0,0.0,0.0,0.0,0.0,0.0,0.0,1000.0,206.99,0.0,827.97,0.0,827.97,IDLE
2026-04-01 06:00:00,6,5.16,242.87,8.0,5.16,0.0,0.0,0.0,-0.0,-0.0,1000.0,237.71,0.0,1901.71,0.0,1901.71,IDLE
2026-04-01 07:00:00,7,15.33,285.72,8.0,15.33,0.0,0.0,0.0,0.0,0.0,1000.0,270.39,0.0,2163.1,0.0,2163.1,IDLE
2026-04-01 08:00:00,8,25.84,339.54,8.0,25.84,0.0,0.0,0.0,-0.0,-0.0,1000.0,313.7,0.0,2509.58,0.0,2509.58,IDLE
2026-04-01 09:00:00,9,66.38,367.07,8.0,66.38,0.0,0.0,0.0,204.85,204.85,784.36,95.83,0.0,766.63,10.24,776.87,DISCHARGING
2026-04-01 10:00:00,10,194.65,357.48,8.0,194.65,0.0,0.0,0.0,0.0,0.0,784.36,162.83,0.0,1302.66,0.0,1302.66,IDLE
2026-04-01 11:00:00,11,250.22,321.03,8.0,250.22,0.0,0.0,0.0,0.0,0.0,784.36,70.81,0.0,566.51,0.0,566.51,IDLE
2026-04-01 12:00:00,12,404.86,269.67,8.0,269.67,135.19,0.0,135.19,0.0,-135.19,912.8,0.0,0.0,0.0,6.76,6.76,CHARGING
2026-04-01 13:00:00,13,347.59,255.8,8.0,255.8,91.79,0.0,91.79,0.0,-91.79,1000.0,0.0,0.0,0.0,4.59,4.59,CHARGING
2026-04-01 14:00:00,14,201.79,242.8,8.0,201.79,0.0,0.0,0.0,0.0,0.0,1000.0,41.0,0.0,328.02,0.0,328.02,IDLE
2026-04-01 15:00:00,15,161.72,257.03,8.0,161.72,0.0,0.0,0.0,0.0,0.0,1000.0,95.31,0.0,762.52,0.0,762.52,IDLE
2026-04-01 16:00:00,16,185.08,288.16,8.0,185.08,0.0,0.0,0.0,0.0,0.0,1000.0,103.08,0.0,824.66,0.0,824.66,IDLE
2026-04-01 17:00:00,17,72.88,343.97,8.0,72.88,0.0,0.0,0.0,0.0,0.0,1000.0,271.09,0.0,2168.72,0.0,2168.72,IDLE
2026-04-01 18:00:00,18,32.77,395.58,15.0,32.77,0.0,0.0,0.0,250.0,250.0,736.84,112.81,0.0,1692.19,12.5,1704.69,DISCHARGING
2026-04-01 19:00:00,19,20.5,400.75,15.0,20.5,0.0,0.0,0.0,250.0,250.0,473.68,130.26,0.0,1953.87,12.5,1966.37,DISCHARGING
2026-04-01 20:00:00,20,0.0,377.01,15.0,0.0,0.0,0.0,0.0,250.0,250.0,210.53,127.01,0.0,1905.15,12.5,1917.65,DISCHARGING
2026-04-01 21:00:00,21,0.0,330.02,15.0,0.0,0.0,0.0,0.0,105.0,105.0,100.0,225.02,0.0,3375.36,5.25,3380.61,DISCHARGING
2026-04-01 22:00:00,22,0.0,269.76,6.0,0.0,0.0,65.79,65.79,0.0,-65.79,162.5,335.55,0.0,2013.31,3.29,2016.6,CHARGING
2026-04-01 23:00:00,23,0.0,223.1,6.0,0.0,0.0,250.0,250.0,0.0,-250.0,400.0,473.1,0.0,2838.6,12.5,2851.1,CHARGING
