timestamp,hour,solar_kw,total_load_kw,critical_load_kw,noncritical_load_kw,critical_served_kw,noncritical_served_kw,critical_unserved_kw,noncritical_unserved_kw,grid_import_kw,battery_charge_kw,battery_discharge_kw,battery_soc_kwh,solar_curtailed_kw,grid_cost_rs,blackout,operating_mode
2026-04-01 00:00:00,0,0.0,180.83,108.5,72.33,108.5,72.33,0.0,0.0,180.83,0.0,0.0,400.0,0.0,723.31,False,GRID CONNECTED
2026-04-01 01:00:00,1,0.38,177.07,106.24,70.83,106.24,70.83,0.0,0.0,176.69,0.0,0.0,400.0,0.0,706.76,False,GRID CONNECTED
2026-04-01 02:00:00,2,0.11,179.61,107.77,71.84,107.77,71.84,0.0,0.0,429.49,250.0,0.0,637.5,0.0,1717.98,False,GRID CONNECTED
2026-04-01 03:00:00,3,0.15,183.51,110.11,73.4,110.11,73.4,0.0,0.0,183.36,-0.0,0.0,637.5,0.0,733.43,False,GRID CONNECTED
2026-04-01 04:00:00,4,0.01,189.27,113.56,75.71,113.56,75.71,0.0,0.0,439.26,250.0,0.0,875.0,0.0,1757.03,False,GRID CONNECTED
2026-04-01 05:00:00,5,0.0,206.99,124.2,82.8,124.2,82.8,0.0,0.0,206.99,0.0,0.0,875.0,0.0,827.97,False,GRID CONNECTED
2026-04-01 06:00:00,6,5.16,242.87,145.72,97.15,145.72,97.15,0.0,0.0,237.71,0.0,0.0,875.0,0.0,1901.71,False,GRID CONNECTED
2026-04-01 07:00:00,7,15.33,285.72,171.43,114.29,171.43,114.29,0.0,0.0,270.39,0.0,0.0,875.0,0.0,2163.1,False,GRID CONNECTED
2026-04-01 08:00:00,8,25.84,339.54,203.72,135.82,203.72,135.82,0.0,0.0,227.59,0.0,86.1,784.36,0.0,1820.75,False,GRID CONNECTED
2026-04-01 09:00:00,9,66.38,367.07,220.24,146.83,220.24,146.83,0.0,0.0,300.68,0.0,0.0,784.36,0.0,2405.46,False,GRID CONNECTED
2026-04-01 10:00:00,10,194.65,357.48,214.49,142.99,214.49,142.99,0.0,0.0,162.83,0.0,0.0,784.36,0.0,1302.66,False,GRID CONNECTED
2026-04-01 11:00:00,11,250.22,321.03,192.62,128.41,192.62,128.41,0.0,0.0,70.81,0.0,0.0,784.36,0.0,566.51,False,GRID CONNECTED
2026-04-01 12:00:00,12,404.86,269.67,161.8,107.87,161.8,107.87,0.0,0.0,0.0,135.19,0.0,912.8,0.0,0.0,False,GRID CONNECTED
2026-04-01 13:00:00,13,347.59,255.8,153.48,102.32,153.48,102.32,0.0,0.0,0.0,91.79,0.0,1000.0,0.0,0.0,False,GRID CONNECTED
2026-04-01 14:00:00,14,201.79,242.8,145.68,97.12,145.68,97.12,0.0,0.0,41.0,0.0,0.0,1000.0,0.0,328.02,False,GRID CONNECTED
2026-04-01 15:00:00,15,161.72,257.03,154.22,102.81,154.22,102.81,0.0,0.0,95.31,0.0,0.0,1000.0,0.0,762.52,False,GRID CONNECTED
2026-04-01 16:00:00,16,185.08,288.16,172.9,115.26,172.9,115.26,0.0,0.0,103.08,0.0,0.0,1000.0,0.0,824.66,False,GRID CONNECTED
2026-04-01 17:00:00,17,72.88,343.97,206.38,137.59,206.38,137.59,0.0,0.0,271.09,0.0,0.0,1000.0,0.0,2168.72,False,GRID CONNECTED
2026-04-01 18:00:00,18,32.77,395.58,237.35,158.23,237.35,0.0,0.0,158.23,0.0,0.0,204.58,784.65,0.0,0.0,True,ISLAND MODE
2026-04-01 19:00:00,19,20.5,400.75,240.45,160.3,240.45,6.77,0.0,153.53,0.0,0.0,226.73,545.99,0.0,0.0,True,ISLAND MODE
2026-04-01 20:00:00,20,0.26,377.01,226.21,150.8,226.21,0.0,0.0,150.8,0.0,0.0,225.95,308.15,0.0,0.0,True,ISLAND MODE
2026-04-01 21:00:00,21,0.27,330.02,198.01,132.01,198.01,0.0,0.0,132.01,0.0,0.0,197.74,100.0,0.0,0.0,True,ISLAND MODE
2026-04-01 22:00:00,22,0.0,269.76,161.86,107.91,161.86,107.91,0.0,0.0,335.55,65.79,0.0,162.5,0.0,2013.31,False,GRID CONNECTED
2026-04-01 23:00:00,23,0.0,223.1,133.86,89.24,133.86,89.24,0.0,0.0,473.1,250.0,0.0,400.0,0.0,2838.6,False,GRID CONNECTED
